{ "Ankle_Angle": { "average": 0.30407523510971785, "max": 25, "min": 0 }, "Elbow_Angle": { "average": -138.9717868338558, "max": 179, "min": -179 }, "Hip_Angle": { "average": -65.67398119122257, "max": 24, "min": -123 }, "Knee_Angle": { "average": -1.890282131661442, "max": 39, "min": -113 }, "Torso_Angle": { "average": -0.08150470219435736, "max": 3, "min": -6 }, "cycle_id": {}, "frame_id": {}, "ts_offset": {} }